Rank,Restaurant Name,City,Cuisines,Price range,Aggregate rating,Votes,Has Online delivery,Has Table booking,Similarity Score
1,Kake Da Hotel,New Delhi,North Indian,2,3.6,29,Yes,No,0.9999
2,Veg Ex,New Delhi,North Indian,2,3.6,24,Yes,No,0.9999
3,Oberoi's,New Delhi,North Indian,2,3.6,75,Yes,No,0.9999
4,Peshawari Chicken Corner,New Delhi,North Indian,2,3.6,76,Yes,No,0.9999
5,Chowki,New Delhi,North Indian,2,3.7,89,Yes,No,0.9997
6,Satvik Rasoi,New Delhi,North Indian,2,3.8,31,Yes,No,0.9994
7,Veg Gulati,New Delhi,North Indian,3,3.8,600,Yes,No,0.9821
8,Punjabi Chaap Corner,New Delhi,North Indian,1,3.5,53,Yes,No,0.9786
9,Vaishno Punjabi Dhaba,New Delhi,North Indian,1,3.5,70,Yes,No,0.9786
10,Gupta's Restaurant,New Delhi,North Indian,1,3.5,104,Yes,No,0.9786
